STT,Ticker,Pool_ID,Candidate_Pool,Exchange,Overall_Rank,Total_Invested_VND,Avg_DCA_Price_VND,Final_Price_VND,Total_Shares_Accumulated,Final_Value_VND,Net_Profit_VND,ROI_Pct,Status
1,VIC,VN30,VN30 Index (Nhóm Trụ Cột),HOSE,1,56000000,87223.45,211300.0,642.03,135660765.0,79660765.0,142.25,LÃI
2,VHM,VN30,VN30 Index (Nhóm Trụ Cột),HOSE,2,56000000,49958.26,78000.0,1120.94,87432996.0,31432996.0,56.13,LÃI
3,LPB,VN30,VN30 Index (Nhóm Trụ Cột),HOSE,4,56000000,41770.34,52000.0,1340.66,69714538.0,13714538.0,24.49,LÃI
4,GAS,VN30,VN30 Index (Nhóm Trụ Cột),HOSE,5,56000000,71550.33,87400.0,782.67,68404998.0,12404998.0,22.15,LÃI
5,VJC,VN30,VN30 Index (Nhóm Trụ Cột),HOSE,6,56000000,108465.25,132230.77,516.29,68270003.0,12270003.0,21.91,LÃI
6,GVR,VN30,VN30 Index (Nhóm Trụ Cột),HOSE,9,56000000,30621.14,34900.0,1828.8,63825181.0,7825181.0,13.97,LÃI
7,BVH,VN30,VN30 Index (Nhóm Trụ Cột),HOSE,10,56000000,59544.34,67700.0,940.48,63670195.0,7670195.0,13.7,LÃI
8,HDB,VN30,VN30 Index (Nhóm Trụ Cột),HOSE,12,56000000,23259.96,25900.0,2407.57,62356081.0,6356081.0,11.35,LÃI
9,POW,VN30,VN30 Index (Nhóm Trụ Cột),HOSE,14,56000000,12565.71,13700.0,4456.57,61055042.0,5055042.0,9.03,LÃI
10,VRE,VN30,VN30 Index (Nhóm Trụ Cột),HOSE,15,56000000,29725.98,32250.0,1883.87,60754933.0,4754933.0,8.49,LÃI
11,PLX,VN30,VN30 Index (Nhóm Trụ Cột),HOSE,18,56000000,38783.5,41000.0,1443.91,59200433.0,3200433.0,5.72,LÃI
12,VPB,VN30,VN30 Index (Nhóm Trụ Cột),HOSE,21,56000000,25809.46,27100.0,2169.75,58800148.0,2800148.0,5.0,LÃI
13,BID,VN30,VN30 Index (Nhóm Trụ Cột),HOSE,23,56000000,37671.95,39309.91,1486.52,58434853.0,2434853.0,4.35,LÃI
14,ACB,VN30,VN30 Index (Nhóm Trụ Cột),HOSE,24,56000000,21170.84,22035.4,2645.15,58286877.0,2286877.0,4.08,LÃI
15,MBB,VN30,VN30 Index (Nhóm Trụ Cột),HOSE,25,56000000,20927.09,21739.13,2675.96,58172980.0,2172980.0,3.88,LÃI
16,CTG,VN30,VN30 Index (Nhóm Trụ Cột),HOSE,26,56000000,33641.76,34800.0,1664.6,57927996.0,1927996.0,3.44,LÃI
17,VCB,VN30,VN30 Index (Nhóm Trụ Cột),HOSE,28,56000000,61056.39,62000.0,917.18,56865463.0,865463.0,1.55,LÃI
18,HPG,VN30,VN30 Index (Nhóm Trụ Cột),HOSE,30,56000000,23771.54,24000.0,2355.76,56538193.0,538193.0,0.96,LÃI
19,SAB,VN30,VN30 Index (Nhóm Trụ Cột),HOSE,33,56000000,47478.89,46950.0,1179.47,55376194.0,-623806.0,-1.11,LỖ
20,MWG,VN30,VN30 Index (Nhóm Trụ Cột),HOSE,35,56000000,77279.31,76300.0,724.64,55290349.0,-709651.0,-1.27,LỖ
21,TPB,VN30,VN30 Index (Nhóm Trụ Cột),HOSE,36,56000000,16139.71,15900.0,3469.7,55168276.0,-831724.0,-1.49,LỖ
22,MSN,VN30,VN30 Index (Nhóm Trụ Cột),HOSE,39,56000000,76020.8,74700.0,736.64,55027047.0,-972953.0,-1.74,LỖ
23,VNM,VN30,VN30 Index (Nhóm Trụ Cột),HOSE,44,56000000,61102.61,59200.0,916.49,54256275.0,-1743725.0,-3.11,LỖ
24,TCB,VN30,VN30 Index (Nhóm Trụ Cột),HOSE,47,56000000,34316.77,32750.0,1631.86,53443264.0,-2556736.0,-4.57,LỖ
25,SSI,VN30,VN30 Index (Nhóm Trụ Cột),HOSE,48,56000000,24107.95,22916.67,2322.88,53232775.0,-2767225.0,-4.94,LỖ
26,SSB,VN30,VN30 Index (Nhóm Trụ Cột),HOSE,53,56000000,14972.2,14000.0,3740.26,52363706.0,-3636294.0,-6.49,LỖ
27,SHB,VN30,VN30 Index (Nhóm Trụ Cột),HOSE,55,56000000,14967.4,13800.0,3741.46,51632199.0,-4367801.0,-7.8,LỖ
28,VIB,VN30,VN30 Index (Nhóm Trụ Cột),HOSE,61,56000000,16176.27,14703.2,3461.86,50900428.0,-5099572.0,-9.11,LỖ
29,BCM,VN30,VN30 Index (Nhóm Trụ Cột),HOSE,71,56000000,62709.36,55100.0,893.01,49204779.0,-6795221.0,-12.13,LỖ
30,FPT,VN30,VN30 Index (Nhóm Trụ Cột),HOSE,94,56000000,92897.55,71600.0,602.81,43161527.0,-12838473.0,-22.93,LỖ
31,MSB,BANK_FIN,Ngân Hàng & Tài Chính,HOSE,3,56000000,10048.93,12750.0,5572.73,71052346.0,15052346.0,26.88,LÃI
32,HCM,BANK_FIN,Ngân Hàng & Tài Chính,HOSE,13,56000000,24698.44,27450.0,2267.35,62238757.0,6238757.0,11.14,LÃI
33,ORS,BANK_FIN,Ngân Hàng & Tài Chính,HOSE,22,56000000,12410.09,13000.0,4512.46,58661921.0,2661921.0,4.75,LÃI
34,VIX,BANK_FIN,Ngân Hàng & Tài Chính,HOSE,32,56000000,17014.55,16857.14,3291.3,55481917.0,-518083.0,-0.93,LỖ
35,NAB,BANK_FIN,Ngân Hàng & Tài Chính,HOSE,37,56000000,11888.66,11700.0,4710.37,55111322.0,-888678.0,-1.59,LỖ
36,OCB,BANK_FIN,Ngân Hàng & Tài Chính,HOSE,40,56000000,10222.42,10043.48,5478.15,55019711.0,-980289.0,-1.75,LỖ
37,EIB,BANK_FIN,Ngân Hàng & Tài Chính,HOSE,56,56000000,23194.69,21300.0,2414.35,51425559.0,-4574441.0,-8.17,LỖ
38,AGR,BANK_FIN,Ngân Hàng & Tài Chính,HOSE,62,56000000,15898.79,14450.0,3522.28,50896971.0,-5103029.0,-9.11,LỖ
39,VND,BANK_FIN,Ngân Hàng & Tài Chính,HOSE,66,56000000,18625.53,16850.0,3006.63,50661637.0,-5338363.0,-9.53,LỖ
40,VCI,BANK_FIN,Ngân Hàng & Tài Chính,HOSE,69,56000000,27820.14,24650.0,2012.93,49618736.0,-6381264.0,-11.4,LỖ
41,CTS,BANK_FIN,Ngân Hàng & Tài Chính,HOSE,76,56000000,24586.14,21328.12,2277.71,48579203.0,-7420797.0,-13.25,LỖ
42,BSI,BANK_FIN,Ngân Hàng & Tài Chính,HOSE,78,56000000,36927.85,31818.18,1516.47,48251342.0,-7748658.0,-13.84,LỖ
43,VDS,BANK_FIN,Ngân Hàng & Tài Chính,HOSE,85,56000000,16902.32,13650.0,3313.15,45224557.0,-10775443.0,-19.24,LỖ
44,FTS,BANK_FIN,Ngân Hàng & Tài Chính,HOSE,88,56000000,30078.17,24000.0,1861.82,44683570.0,-11316430.0,-20.21,LỖ
45,NVL,REAL_ESTATE,Bất Động Sản & KCN,HOSE,27,56000000,13583.54,14046.51,4122.64,57908643.0,1908643.0,3.41,LÃI
46,KBC,REAL_ESTATE,Bất Động Sản & KCN,HOSE,50,56000000,32254.17,30500.0,1736.21,52954401.0,-3045599.0,-5.44,LỖ
47,CII,REAL_ESTATE,Bất Động Sản & KCN,HOSE,52,56000000,18217.88,17100.0,3073.9,52563756.0,-3436244.0,-6.14,LỖ
48,CRE,REAL_ESTATE,Bất Động Sản & KCN,HOSE,54,56000000,8519.49,7900.0,6573.16,51927975.0,-4072025.0,-7.27,LỖ
49,DXG,REAL_ESTATE,Bất Động Sản & KCN,HOSE,74,56000000,14947.35,13050.0,3746.48,48891597.0,-7108403.0,-12.69,LỖ
50,PDR,REAL_ESTATE,Bất Động Sản & KCN,HOSE,75,56000000,18486.67,16050.0,3029.21,48618815.0,-7381185.0,-13.18,LỖ
51,DXS,REAL_ESTATE,Bất Động Sản & KCN,HOSE,77,56000000,8763.3,7560.0,6390.29,48310567.0,-7689433.0,-13.73,LỖ
52,TCH,REAL_ESTATE,Bất Động Sản & KCN,HOSE,80,56000000,16160.13,13681.82,3465.32,47411855.0,-8588145.0,-15.34,LỖ
53,HDG,REAL_ESTATE,Bất Động Sản & KCN,HOSE,81,56000000,25235.27,21272.73,2219.12,47206663.0,-8793337.0,-15.7,LỖ
54,NLG,REAL_ESTATE,Bất Động Sản & KCN,HOSE,89,56000000,33274.28,26400.0,1682.98,44430720.0,-11569280.0,-20.66,LỖ
55,KHG,REAL_ESTATE,Bất Động Sản & KCN,HOSE,90,56000000,6366.71,5020.0,8795.75,44154686.0,-11845314.0,-21.15,LỖ
56,HQC,REAL_ESTATE,Bất Động Sản & KCN,HOSE,91,56000000,3082.43,2410.0,18167.47,43783595.0,-12216405.0,-21.82,LỖ
57,KDH,REAL_ESTATE,Bất Động Sản & KCN,HOSE,92,56000000,28859.19,22550.0,1940.46,43757291.0,-12242709.0,-21.86,LỖ
58,DIG,REAL_ESTATE,Bất Động Sản & KCN,HOSE,93,56000000,15945.0,12311.32,3512.07,43238241.0,-12761759.0,-22.79,LỖ
59,HDC,REAL_ESTATE,Bất Động Sản & KCN,HOSE,96,56000000,20371.47,15217.39,2748.94,41831733.0,-14168267.0,-25.3,LỖ
60,SCR,REAL_ESTATE,Bất Động Sản & KCN,HOSE,97,56000000,7274.84,5280.0,7697.76,40644194.0,-15355806.0,-27.42,LỖ
61,NHA,REAL_ESTATE,Bất Động Sản & KCN,HOSE,98,56000000,14800.77,10636.36,3783.59,40243603.0,-15756397.0,-28.14,LỖ
62,SZC,REAL_ESTATE,Bất Động Sản & KCN,HOSE,99,56000000,31775.22,22650.0,1762.38,39917900.0,-16082100.0,-28.72,LỖ
63,HSG,STEEL_INFRA,"Thép, Vật Liệu & Xây Dựng",HOSE,43,56000000,12817.99,12450.0,4368.86,54392298.0,-1607702.0,-2.87,LỖ
64,CTD,STEEL_INFRA,"Thép, Vật Liệu & Xây Dựng",HOSE,49,56000000,75691.08,71800.0,739.85,53121185.0,-2878815.0,-5.14,LỖ
65,HT1,STEEL_INFRA,"Thép, Vật Liệu & Xây Dựng",HOSE,57,56000000,14861.36,13600.0,3768.16,51246992.0,-4753008.0,-8.49,LỖ
66,NKG,STEEL_INFRA,"Thép, Vật Liệu & Xây Dựng",HOSE,59,56000000,13631.04,12409.09,4108.27,50979907.0,-5020093.0,-8.96,LỖ
67,LCG,STEEL_INFRA,"Thép, Vật Liệu & Xây Dựng",HOSE,63,56000000,10059.86,9130.0,5566.68,50823768.0,-5176232.0,-9.24,LỖ
68,SMC,STEEL_INFRA,"Thép, Vật Liệu & Xây Dựng",HOSE,64,56000000,12288.89,11150.0,4556.96,50810107.0,-5189893.0,-9.27,LỖ
69,HHV,STEEL_INFRA,"Thép, Vật Liệu & Xây Dựng",HOSE,65,56000000,12232.05,11095.24,4578.14,50795536.0,-5204464.0,-9.29,LỖ
70,VCG,STEEL_INFRA,"Thép, Vật Liệu & Xây Dựng",HOSE,70,56000000,21070.07,18564.81,2657.8,49341537.0,-6658463.0,-11.89,LỖ
71,PC1,STEEL_INFRA,"Thép, Vật Liệu & Xây Dựng",HOSE,72,56000000,22129.98,19350.0,2530.5,48965240.0,-7034760.0,-12.56,LỖ
72,FCN,STEEL_INFRA,"Thép, Vật Liệu & Xây Dựng",HOSE,73,56000000,14639.73,12800.0,3825.21,48962662.0,-7037338.0,-12.57,LỖ
73,KSB,STEEL_INFRA,"Thép, Vật Liệu & Xây Dựng",HOSE,79,56000000,17490.02,15000.0,3201.83,48027395.0,-7972605.0,-14.24,LỖ
74,PHR,CHEMICAL_RUBBER,"Hóa Chất, Phân Bón & Cao Su",HOSE,8,56000000,32341.64,37388.89,1731.51,64739380.0,8739380.0,15.61,LÃI
75,BFC,CHEMICAL_RUBBER,"Hóa Chất, Phân Bón & Cao Su",HOSE,11,56000000,48754.53,55400.0,1148.61,63633060.0,7633060.0,13.63,LÃI
76,DCM,CHEMICAL_RUBBER,"Hóa Chất, Phân Bón & Cao Su",HOSE,16,56000000,37319.16,39800.0,1500.57,59722679.0,3722679.0,6.65,LÃI
77,DPM,CHEMICAL_RUBBER,"Hóa Chất, Phân Bón & Cao Su",HOSE,17,56000000,24342.38,25900.0,2300.51,59583324.0,3583324.0,6.4,LÃI
78,DPR,CHEMICAL_RUBBER,"Hóa Chất, Phân Bón & Cao Su",HOSE,20,56000000,39467.79,41600.0,1418.88,59025340.0,3025340.0,5.4,LÃI
79,CSV,CHEMICAL_RUBBER,"Hóa Chất, Phân Bón & Cao Su",HOSE,86,56000000,30761.83,24700.0,1820.44,44964811.0,-11035189.0,-19.71,LỖ
80,DGC,CHEMICAL_RUBBER,"Hóa Chất, Phân Bón & Cao Su",HOSE,100,56000000,76601.26,46500.0,731.06,33994220.0,-22005780.0,-39.3,LỖ
81,PNJ,RETAIL_CONSUMER,"Bán Lẻ, Tiêu Dùng & Thực Phẩm",HOSE,19,56000000,62427.31,65800.0,897.04,59025451.0,3025451.0,5.4,LÃI
82,VHC,RETAIL_CONSUMER,"Bán Lẻ, Tiêu Dùng & Thực Phẩm",HOSE,29,56000000,57856.44,58700.0,967.91,56816491.0,816491.0,1.46,LÃI
83,BAF,RETAIL_CONSUMER,"Bán Lẻ, Tiêu Dùng & Thực Phẩm",HOSE,34,56000000,29025.05,28677.69,1929.37,55329797.0,-670203.0,-1.2,LỖ
84,PAN,RETAIL_CONSUMER,"Bán Lẻ, Tiêu Dùng & Thực Phẩm",HOSE,41,56000000,24888.61,24450.0,2250.03,55013119.0,-986881.0,-1.76,LỖ
85,HAG,RETAIL_CONSUMER,"Bán Lẻ, Tiêu Dùng & Thực Phẩm",HOSE,42,56000000,15622.63,15300.0,3584.54,54843504.0,-1156496.0,-2.07,LỖ
86,DGW,RETAIL_CONSUMER,"Bán Lẻ, Tiêu Dùng & Thực Phẩm",HOSE,45,56000000,42393.91,40850.0,1320.94,53960575.0,-2039425.0,-3.64,LỖ
87,KDC,RETAIL_CONSUMER,"Bán Lẻ, Tiêu Dùng & Thực Phẩm",HOSE,46,56000000,52004.11,50000.0,1076.84,53841895.0,-2158105.0,-3.85,LỖ
88,ANV,RETAIL_CONSUMER,"Bán Lẻ, Tiêu Dùng & Thực Phẩm",HOSE,60,56000000,23854.97,21700.0,2347.52,50941162.0,-5058838.0,-9.03,LỖ
89,FRT,RETAIL_CONSUMER,"Bán Lẻ, Tiêu Dùng & Thực Phẩm",HOSE,67,56000000,137391.52,124000.0,407.59,50541692.0,-5458308.0,-9.75,LỖ
90,ASM,RETAIL_CONSUMER,"Bán Lẻ, Tiêu Dùng & Thực Phẩm",HOSE,68,56000000,6584.28,5850.0,8505.1,49754848.0,-6245152.0,-11.15,LỖ
91,DBC,RETAIL_CONSUMER,"Bán Lẻ, Tiêu Dùng & Thực Phẩm",HOSE,82,56000000,23269.07,19196.43,2406.63,46198657.0,-9801343.0,-17.5,LỖ
92,IDI,RETAIL_CONSUMER,"Bán Lẻ, Tiêu Dùng & Thực Phẩm",HOSE,83,56000000,6998.68,5710.0,8001.51,45688622.0,-10311378.0,-18.41,LỖ
93,TCM,RETAIL_CONSUMER,"Bán Lẻ, Tiêu Dùng & Thực Phẩm",HOSE,87,56000000,26020.79,20850.0,2152.13,44871807.0,-11128193.0,-19.87,LỖ
94,NT2,TECH_ENERGY,"Công Nghệ, Năng Lượng & Tiện Ích",HOSE,31,56000000,22795.24,23000.0,2456.65,56503028.0,503028.0,0.9,LÃI
95,CTR,TECH_ENERGY,"Công Nghệ, Năng Lượng & Tiện Ích",HOSE,38,56000000,80333.87,79017.86,697.09,55082621.0,-917379.0,-1.64,LỖ
96,REE,TECH_ENERGY,"Công Nghệ, Năng Lượng & Tiện Ích",HOSE,51,56000000,55854.65,52700.0,1002.6,52837140.0,-3162860.0,-5.65,LỖ
97,GEG,TECH_ENERGY,"Công Nghệ, Năng Lượng & Tiện Ích",HOSE,58,56000000,14694.35,13380.95,3810.99,50994670.0,-5005330.0,-8.94,LỖ
98,CMG,TECH_ENERGY,"Công Nghệ, Năng Lượng & Tiện Ích",HOSE,84,56000000,33177.46,27000.0,1687.89,45573115.0,-10426885.0,-18.62,LỖ
99,ELC,TECH_ENERGY,"Công Nghệ, Năng Lượng & Tiện Ích",HOSE,95,56000000,19462.71,14953.27,2877.3,43025015.0,-12974985.0,-23.17,LỖ
100,PVD,OIL_LOGISTICS,"Dầu Khí, Cảng Biển & Logistics",HOSE,7,56000000,15003.7,18274.42,3732.41,68207674.0,12207674.0,21.8,LÃI
